id;app_code;user_name;profile_name;jhi_limit;confirm_status;effective_date;expiry_date
1;generating;Computers Small Fresh Gloves back-end;interface;82786;composite Orchestrat;2019-10-15T12:45:14;2019-10-16T07:43:19
2;Iran;Philippine Peso Metal;Strategist;51630;alliance redundant g;2019-10-15T22:25:37;2019-10-15T15:06:19
3;Ameliorated;Brand;infomediaries Som Rustic Frozen Keyboard;44235;Optimized;2019-10-16T06:42:33;2019-10-15T15:48:44
4;invoice;invoice;alarm Jamaica;61172;paradigms Organic st;2019-10-15T14:46:27;2019-10-16T06:04:42
5;leading-edge;Ergonomic Steel Gloves;Developer Shoes Music;76336;online e-business;2019-10-15T21:48:37;2019-10-15T22:33:00
6;integrate Personal Loan Account;HTTP explicit;Personal Loan Account;50313;EXE payment;2019-10-16T05:03:07;2019-10-15T18:10:55
7;Web;Outdoors New York Data;Jamaican Dollar North Carolina;12850;haptic parsing;2019-10-15T17:56:23;2019-10-15T23:41:45
8;Branding Dynamic black;yellow;Books Generic;68300;Handcrafted Plastic ;2019-10-16T08:24:13;2019-10-16T00:47:14
9;directional Avon Solomon Islands Dollar;Personal Loan Account HTTP;schemas Specialist China;42347;South Dakota Wyoming;2019-10-16T05:53:52;2019-10-16T00:02:02
10;quantify;JSON Texas;bandwidth;75087;compress Fantastic G;2019-10-15T20:50:11;2019-10-15T21:02:42
