id;res_code;res_name;res_type;app_desc;cstd_module;res_content
1;ability Hat Iraq;magenta Concrete;REST;Mauritania;facilitate Tasty Concrete Chips Exclusiv;Buckinghamshire capability zero tolerance
2;mission-critical;Berkshire Small Plastic Pants Investor;WORKFLOW;Berkshire Designer;Credit Card Account;navigate
3;Re-contextualized;web-enabled invoice withdrawal;WORKFLOW;installation;Argentine Peso;Kentucky Algerian Dinar Clothing
4;open-source turn-key;Sausages;WORKFLOW;bricks-and-clicks Concrete Global;Fiji Dollar Profound Bacon;Macao Equatorial Guinea Vision-oriented
5;Agent;Human deposit;WORKFLOW;Internal AI optical;bypassing Marketing;Dynamic Home Loan Account Tools
6;Branding;Home Gloves Latvia;WORKFLOW;Networked;Fish;payment calculating
7;local area network Benin;turn-key dedicated;CONTROLLER;target Human withdrawal;dot-com payment Libyan Dinar;white sensor local
8;calculate;Chips;CONTROLLER;Automotive Tactics architectures;Wisconsin Facilitator Incredible;reinvent
9;eco-centric Bedfordshire mesh;Configuration UIC-Franc;WORKFLOW;Concrete Bedfordshire;portal calculating Metal;real-time discrete redundant
10;Synergistic Personal Loan Account Sleek;Borders;WORKFLOW;incubate;interfaces;Garden Dale Wallis and Futuna
